Node,Old Wallet,Random number,Transaction 7,Transaction 8,Transaction 9,Payment,Wallet,Fidelity node 0,Fidelity node 1,Fidelity node 2,Fidelity node 3,Fidelity node 4,Fidelity node 5
0,22.6,0111001110,0.0,0.0,-5.0,0.2,17.8,0.0,0.0608221668335105,0.1981842126743176,0.6464295797353543,0.7026366317775602,0.1149289417440729
1,21.6,1100010101,0.0,0.0,5.0,0.6,27.2,0.0608221668335105,0.0,0.8579313437925258,0.3336399105980479,0.470145439551815,0.6917065369548691
2,16.2,1000100101,0.0,0.0,0.0,0.6,16.8,0.1981842126743176,0.8579313437925258,0.0,0.0526494719888886,0.7319957675523644,0.6747214898548558
3,21.2,0010100010,-3.0,3.0,0.0,0.2,21.4,0.6464295797353543,0.3336399105980479,0.0526494719888886,0.0,0.1935398324880641,0.3525585461781709
4,20.2,0110001110,3.0,0.0,0.0,0.2,23.4,0.7026366317775602,0.470145439551815,0.7319957675523644,0.1935398324880641,0.0,0.213159383327692
5,20.2,0111010010,0.0,-3.0,0.0,0.2,17.4,0.1149289417440729,0.6917065369548691,0.6747214898548558,0.3525585461781709,0.213159383327692,0.0
