Node,prev_fidelity 0,prev_fidelity 1,prev_fidelity 2,prev_fidelity 3,prev_fidelity 4,prev_fidelity 5
0,0.4770760347742613,0.11963479847901903,0.5854802083420934,0.6739243617715938,0.6584324836826694,0.7813762430382434
1,0.742479963963421,0.5308000482259013,0.084572458195038,0.4882980536917829,0.1186771389390453,0.7383136712777164
2,0.2980575095000164,0.31034390999362094,0.8758654931411272,0.4698337153890344,0.7294295225512591,0.42402574044863717
3,0.11182630028154583,0.4332554326268856,0.964598448020278,0.5842500937082399,0.15972290999039374,0.28265355316234075
4,0.8120386794150893,0.08989725787169267,0.09289470654910048,0.9476899103483827,0.1654547202584855,0.895886414461157
5,0.6983264773415476,0.7794936601524086,0.04372506589478753,0.8141928754022296,0.6745497906879737,0.902292039463861
