Node,prev_fidelity 0,prev_fidelity 1,prev_fidelity 2,prev_fidelity 3,prev_fidelity 4,prev_fidelity 5
0,0.08656388772847756,0.8327668556557279,0.6039274103861711,0.9255047783518642,0.07999289936396214,0.3742251273455296
1,0.6153896615752904,0.7215425719995655,0.5268789917203089,0.8119563042495967,0.8924317097953516,0.7259145520133764
2,0.1848858806640984,0.9305643911065241,0.5014768524935398,0.9788246329802152,0.30409009286496624,0.5022708959975656
3,0.2573852027923147,0.6354288533029826,0.8124645564256016,0.15971242195675017,0.06968540626710351,0.810942811877974
4,0.5249892525133022,0.2823435253285459,0.20767069713148534,0.236904523670167,0.4731959053802216,0.43575795665284467
5,0.0850914875447164,0.059247944231247573,0.6992335547319414,0.252451675633916,0.5009709369836357,0.9052400009508309
