,Transaction 1,Transaction 2,Transaction 3,Node,Old Wallet,Wallet,Payment,Random number,prev_fidelity 0,prev_fidelity 1,prev_fidelity 2,prev_fidelity 3,prev_fidelity 4,prev_fidelity 5
0,20.0,0.0,0.0,0,0.0,20.0,0.0,00000,0.5621169414022549,0.552511179218668,0.6437665008643919,0.633668082485449,0.7928287109765204,0.9287806847957751
1,20.0,0.0,0.0,1,0.0,20.0,0.0,00000,0.45324662577445707,0.1928157484723907,0.7640514140812789,0.7436723712019918,0.49082637808672436,0.049093571142700076
2,20.0,0.0,0.0,2,0.0,20.0,0.0,00000,0.8646906311772281,0.6065530395222378,0.6664493461083273,0.9470345361589504,0.1241543018166158,0.15710604135029071
3,20.0,0.0,0.0,3,0.0,20.0,0.0,00000,0.8148813828231176,0.7252270781720049,0.12430447249442955,0.8469227277811874,0.8374859390538313,0.7288730567718152
4,20.0,0.0,0.0,4,0.0,20.0,0.0,00000,0.4727930864744455,0.49434184610585574,0.37094319538796183,0.4791419979049808,0.4505101216690097,0.8229581284745137
5,20.0,0.0,0.0,5,0.0,20.0,0.0,00000,0.38329059929002285,0.8631480388370228,0.5115068398492464,0.0250277293115998,0.981571261650479,0.23347851524159435
