Node,Fidelity node 0,Fidelity node 1,Fidelity node 2,Fidelity node 3,Fidelity node 4,Fidelity node 5
0,0.0,0.2654720945454047,0.753727406750692,0.823781466149907,0.7383034115446089,0.37707976316795305
1,0.2654720945454047,0.0,0.24969023506292468,0.5970316124528996,0.36327926763681295,0.36214451549705146
2,0.753727406750692,0.24969023506292468,0.0,0.7878663504621399,0.2745658119181266,0.852133552445875
3,0.823781466149907,0.5970316124528996,0.7878663504621399,0.0,0.4134632748778393,0.5167048469879748
4,0.7383034115446089,0.36327926763681295,0.2745658119181266,0.4134632748778393,0.0,0.07567896583282221
5,0.37707976316795305,0.36214451549705146,0.852133552445875,0.5167048469879748,0.07567896583282221,0.0
