Node,Fidelity node 0,Fidelity node 1,Fidelity node 2,Fidelity node 3,Fidelity node 4,Fidelity node 5
0,0.0,0.7456897437987631,0.7524240060763512,0.7667044928611692,0.5757659441046833,0.24474819251611024
1,0.7456897437987631,0.0,0.862779311740847,0.34843706078912706,0.7544774918374986,0.10255190655262116
2,0.7524240060763512,0.862779311740847,0.0,0.275892591287964,0.9594809239906247,0.0029058009094847406
3,0.7667044928611692,0.34843706078912706,0.275892591287964,0.0,0.14707399342427857,0.7268272349412074
4,0.5757659441046833,0.7544774918374986,0.9594809239906247,0.14707399342427857,0.0,0.053384357539856896
5,0.24474819251611024,0.10255190655262116,0.0029058009094847406,0.7268272349412074,0.053384357539856896,0.0
