Node,Fidelity node 0,Fidelity node 1,Fidelity node 2,Fidelity node 3,Fidelity node 4,Fidelity node 5
0,0.0,0.6451190330707397,0.6406548300171344,0.7721025837010059,0.8429681668753974,0.16524357842139756
1,0.6451190330707397,0.0,0.4149727581432678,0.35216114534991727,0.32787134577465227,0.7459859335349394
2,0.6406548300171344,0.4149727581432678,0.0,0.9582880037104594,0.88114776483272,0.22223809889391496
3,0.7721025837010059,0.35216114534991727,0.9582880037104594,0.0,0.9787269509304647,0.08088347344945836
4,0.8429681668753974,0.32787134577465227,0.88114776483272,0.9787269509304647,0.0,0.02275726996870653
5,0.16524357842139756,0.7459859335349394,0.22223809889391496,0.08088347344945836,0.02275726996870653,0.0
