Node,Old Wallet,Random number,Transaction 4,Transaction 5,Transaction 6,Payment,Wallet,prev_fidelity 0,prev_fidelity 1,prev_fidelity 2,prev_fidelity 3,prev_fidelity 4,prev_fidelity 5
0,20.0,0000110101,2.0,0.0,0.0,0.6,22.6,0.4770760347742613,0.119634798479019,0.5854802083420934,0.6739243617715938,0.6584324836826694,0.7813762430382434
1,20.0,1011010110,-2.0,3.0,0.0,0.6,21.6,0.742479963963421,0.5308000482259013,0.084572458195038,0.4882980536917829,0.1186771389390453,0.7383136712777164
2,20.0,0010010111,0.0,-3.0,-1.0,0.2,16.2,0.2980575095000164,0.3103439099936209,0.8758654931411272,0.4698337153890344,0.7294295225512591,0.4240257404486371
3,20.0,0111111010,0.0,0.0,1.0,0.2,21.2,0.1118263002815458,0.4332554326268856,0.964598448020278,0.5842500937082399,0.1597229099903937,0.2826535531623407
4,20.0,1111110000,0.0,0.0,0.0,0.2,20.2,0.8120386794150893,0.0898972578716926,0.0928947065491004,0.9476899103483828,0.1654547202584855,0.895886414461157
5,20.0,0001111110,0.0,0.0,0.0,0.2,20.2,0.6983264773415476,0.7794936601524086,0.0437250658947875,0.8141928754022296,0.6745497906879737,0.902292039463861
