Node,Old Wallet,Random number,Transaction 4,Transaction 5,Transaction 6,Payment,Wallet,prev_fidelity 0,prev_fidelity 1,prev_fidelity 2,prev_fidelity 3,prev_fidelity 4,prev_fidelity 5
0,20.0,0100111011,2.0,0.0,0.0,0.6,22.6,0.0865638877284775,0.8327668556557279,0.6039274103861711,0.9255047783518642,0.0799928993639621,0.3742251273455296
1,20.0,0110011010,-2.0,3.0,0.0,0.6,21.6,0.6153896615752904,0.7215425719995655,0.5268789917203089,0.8119563042495967,0.8924317097953516,0.7259145520133764
2,20.0,0101111011,0.0,-3.0,-1.0,0.2,16.2,0.1848858806640984,0.930564391106524,0.5014768524935398,0.9788246329802152,0.3040900928649662,0.5022708959975656
3,20.0,0110110011,0.0,0.0,1.0,0.2,21.2,0.2573852027923147,0.6354288533029826,0.8124645564256016,0.1597124219567501,0.0696854062671035,0.810942811877974
4,20.0,1000010010,0.0,0.0,0.0,0.2,20.2,0.5249892525133022,0.2823435253285459,0.2076706971314853,0.236904523670167,0.4731959053802216,0.4357579566528446
5,20.0,1001111011,0.0,0.0,0.0,0.2,20.2,0.0850914875447164,0.0592479442312475,0.6992335547319414,0.252451675633916,0.5009709369836357,0.9052400009508308
