Node,Old Wallet,Random number,Transaction 4,Transaction 5,Transaction 6,Payment,Wallet,prev_fidelity 0,prev_fidelity 1,prev_fidelity 2,prev_fidelity 3,prev_fidelity 4,prev_fidelity 5
0,20.0,0110010101,2.0,0.0,0.0,0.6,22.6,0.5621169414022549,0.552511179218668,0.6437665008643919,0.633668082485449,0.7928287109765204,0.9287806847957752
1,20.0,1000101000,-2.0,3.0,0.0,0.6,21.6,0.453246625774457,0.1928157484723907,0.7640514140812789,0.7436723712019918,0.4908263780867243,0.0490935711427
2,20.0,1000000111,0.0,-3.0,-1.0,0.2,16.2,0.8646906311772281,0.6065530395222378,0.6664493461083273,0.9470345361589504,0.1241543018166158,0.1571060413502907
3,20.0,0111101011,0.0,0.0,1.0,0.2,21.2,0.8148813828231176,0.7252270781720049,0.1243044724944295,0.8469227277811874,0.8374859390538313,0.7288730567718152
4,20.0,0100010100,0.0,0.0,0.0,0.2,20.2,0.4727930864744455,0.4943418461058557,0.3709431953879618,0.4791419979049808,0.4505101216690097,0.8229581284745137
5,20.0,0101000101,0.0,0.0,0.0,0.2,20.2,0.3832905992900228,0.8631480388370228,0.5115068398492464,0.0250277293115998,0.981571261650479,0.2334785152415943
