Node,Old Wallet,Random number,Transaction 7,Transaction 8,Transaction 9,Payment,Wallet,Fidelity node 0,Fidelity node 1,Fidelity node 2,Fidelity node 3,Fidelity node 4,Fidelity node 5
0,22.6,1100000010,0.0,0.0,-5.0,0.2,17.8,0.0,0.5202970851147529,0.3285444091468651,0.1235117415759421,0.6244386451395003,0.0345984580221284
1,21.6,1110101111,0.0,0.0,5.0,0.2,26.8,0.5202970851147529,0.0,0.8763127357625315,0.7744111501504886,0.1698970474338811,0.6448487783581028
2,16.2,1011011110,0.0,0.0,0.0,0.2,16.4,0.3285444091468651,0.8763127357625315,0.0,0.7672131256812044,0.3893343232185844,0.829171706119873
3,21.2,1110011111,-3.0,3.0,0.0,0.6,21.8,0.1235117415759421,0.7744111501504886,0.7672131256812044,0.0,0.1031336065436586,0.9202931144505772
4,20.2,1001100001,3.0,0.0,0.0,0.2,23.4,0.6244386451395003,0.1698970474338811,0.3893343232185844,0.1031336065436586,0.0,0.3307530049074981
5,20.2,1110001101,0.0,-3.0,0.0,0.6,17.8,0.0345984580221284,0.6448487783581028,0.829171706119873,0.9202931144505772,0.3307530049074981,0.0
