Node,Old Wallet,Random number,Transaction 7,Transaction 8,Transaction 9,Payment,Wallet,Fidelity node 0,Fidelity node 1,Fidelity node 2,Fidelity node 3,Fidelity node 4,Fidelity node 5
0,22.6,0000001101,0.0,0.0,-5.0,0.2,17.8,0.0,0.1771534803411586,0.6792230186452582,0.6811499225071068,0.315569768627656,0.7803125319367643
1,21.6,0100000001,0.0,0.0,5.0,0.6,27.2,0.1771534803411586,0.0,0.0398903447870677,0.0892340625974678,0.9225486599304414,0.6342271764735321
2,16.2,0100110111,0.0,0.0,0.0,0.2,16.4,0.6792230186452582,0.0398903447870677,0.0,0.8487169691475597,0.0174505702054526,0.2204677715776825
3,21.2,0010011011,-3.0,3.0,0.0,0.2,21.4,0.6811499225071068,0.0892340625974678,0.8487169691475597,0.0,0.2540774934673881,0.3006067381212545
4,20.2,1110100010,3.0,0.0,0.0,0.6,23.8,0.315569768627656,0.9225486599304414,0.0174505702054526,0.2540774934673881,0.0,0.7400328782757299
5,20.2,1100000010,0.0,-3.0,0.0,0.2,17.4,0.7803125319367643,0.6342271764735321,0.2204677715776825,0.3006067381212545,0.7400328782757299,0.0
