Node,Old Wallet,Random number,prev_fidelity,Transaction 5,Transaction 6,Wallet
0,23.2,8934893,0.1,0.0,1.0,24.4
1,9.2,343482,0,3.0,-1.0,11.399999999999999
2,16.0,32432,0.9,-3.0,0.0,14.0
3,33.2,3442,0.4,0.0,0.0,33.400000000000006
4,20.2,42343,0.3,0.0,0.0,20.4
